{
    "camera":
    {
        "position" : [10, 0, -30.653],
        "rotation" : [0, -0.25, 15]
    },
    "lights" :
    [
        {
            "type" : 1,
            "intensive" : 0.95,
            "position" : [-10.00003, 20.000112, -30.653],
            "rotation" : [120, -0.25, 15]
        },
        {
            "type" : 2,
            "intensive" : 0.35,
            "position" : [220.00003, -2.000112, 30.653],
            "rotation" : [42.4242, -0.25, -15]
        }
    ],
    "objects":
    [
        {
            "type" : 2,
            "size" : 0.35,
            "specular" : 500,
            "angle" : 30,
            "reflect" : 0.9,
            "position" : [220.00003, -2.000112, 30.653],
            "rotation" : [42.4242, -0.25, -15],
            "color" : [110, 89, 89]
        },
        {
            "type" : 4,
            "size" : 0.75,
            "specular" : 500,
            "angle" : 60,
            "reflect" : 0.7,
            "position" : [220.00003, -2.000112, 30.653],
            "rotation" : [42.4242, -0.25, -15],
            "color" : [110, 89, 89]
        },
        {
            "type" : 2,
            "size" : 0.35,
            "specular" : 500,
            "angle" : 30,
            "reflect" : 0.9,
            "position" : [220.00003, -2.000112, 30.653],
            "rotation" : [42.4242, -0.25, -15],
            "color" : [110, 89, 89]
        }
    ]
}