{
    "camera":
    {
        "position" : [10, 0, -30.653],
        "rotation" : [0, -0.25, 15]
    },
    "lights" :
    [
        {
            "type" : 1,
            "intensive" : 0.95,
            "position" : [-10.00003, 20.000112, -30.653],
            "rotation" : [120, -0.25, 15]
        },
        {
            "type" : 2,
            "intensive" : 0.35,
            "position" : [220.00003, -2.000112, 30.653],
            "rotation" : [42.4242, -0.25, -15]
        }
    ]
}